WKT,nombre,descripción
"POLYGON ((-58.6323045 -34.6968459, -58.6326574 -34.7496734, -58.5200045 -34.739245, -58.5447128 -34.6886805, -58.6323045 -34.6968459))",CASANOVA,
"POLYGON ((-58.7906338 -34.6115695, -58.7926948 -34.685084, -58.6645541 -34.6898835, -58.671436 -34.6195028, -58.7906338 -34.6115695))",PADUA,
"POLYGON ((-58.6458783 -34.5707523, -58.6499982 -34.6750035, -58.4841733 -34.6769799, -58.4824567 -34.5820596, -58.6458783 -34.5707523))",MORON,
